[
  {
    "step": 1,
    "timestamp": 1751648243.188997,
    "metric_name": "num_clients_fit",
    "value": 0
  },
  {
    "step": 1,
    "timestamp": 1751648243.188997,
    "metric_name": "num_failures",
    "value": 4
  },
  {
    "step": 1,
    "timestamp": 1751648243.188997,
    "metric_name": "aggregation_successful",
    "value": true
  },
  {
    "step": 1,
    "timestamp": 1751648243.188997,
    "metric_name": "round",
    "value": 1
  },
  {
    "step": 1,
    "timestamp": 1751648243.188997,
    "metric_name": "timestamp",
    "value": 1751648243.18886
  },
  {
    "step": 1,
    "timestamp": 1751648243.188997,
    "metric_name": "type",
    "value": "aggregation"
  },
  {
    "step": 1,
    "timestamp": 1751648245.486432,
    "metric_name": "client_7948915537455753516_eval_loss",
    "value": 0.6966288089752197
  },
  {
    "step": 1,
    "timestamp": 1751648245.486432,
    "metric_name": "client_7948915537455753516_eval_num_examples",
    "value": 16
  },
  {
    "step": 1,
    "timestamp": 1751648245.486432,
    "metric_name": "client_7948915537455753516_eval_accuracy",
    "value": 0.5
  },
  {
    "step": 1,
    "timestamp": 1751648245.486432,
    "metric_name": "client_7948915537455753516_eval_correct_predictions",
    "value": 8
  },
  {
    "step": 1,
    "timestamp": 1751648245.486432,
    "metric_name": "client_7948915537455753516_eval_evaluation_time",
    "value": 0.1721351146697998
  },
  {
    "step": 1,
    "timestamp": 1751648245.486463,
    "metric_name": "client_13434166631473464781_eval_loss",
    "value": 0.6782667636871338
  },
  {
    "step": 1,
    "timestamp": 1751648245.486463,
    "metric_name": "client_13434166631473464781_eval_num_examples",
    "value": 16
  },
  {
    "step": 1,
    "timestamp": 1751648245.486463,
    "metric_name": "client_13434166631473464781_eval_accuracy",
    "value": 0.625
  },
  {
    "step": 1,
    "timestamp": 1751648245.486463,
    "metric_name": "client_13434166631473464781_eval_correct_predictions",
    "value": 10
  },
  {
    "step": 1,
    "timestamp": 1751648245.486463,
    "metric_name": "client_13434166631473464781_eval_evaluation_time",
    "value": 0.17124295234680176
  },
  {
    "step": 1,
    "timestamp": 1751648245.4865448,
    "metric_name": "server_loss",
    "value": 0.6874477863311768
  },
  {
    "step": 1,
    "timestamp": 1751648245.4865448,
    "metric_name": "round",
    "value": 1
  },
  {
    "step": 1,
    "timestamp": 1751648245.4865448,
    "metric_name": "timestamp",
    "value": 1751648245.486529
  },
  {
    "step": 1,
    "timestamp": 1751648245.4865448,
    "metric_name": "type",
    "value": "server"
  },
  {
    "step": 2,
    "timestamp": 1751648248.756712,
    "metric_name": "num_clients_fit",
    "value": 0
  },
  {
    "step": 2,
    "timestamp": 1751648248.756712,
    "metric_name": "num_failures",
    "value": 4
  },
  {
    "step": 2,
    "timestamp": 1751648248.756712,
    "metric_name": "aggregation_successful",
    "value": true
  },
  {
    "step": 2,
    "timestamp": 1751648248.756712,
    "metric_name": "round",
    "value": 2
  },
  {
    "step": 2,
    "timestamp": 1751648248.756712,
    "metric_name": "timestamp",
    "value": 1751648248.7564
  },
  {
    "step": 2,
    "timestamp": 1751648248.756712,
    "metric_name": "type",
    "value": "aggregation"
  },
  {
    "step": 2,
    "timestamp": 1751648251.107379,
    "metric_name": "client_10701122686214100983_eval_loss",
    "value": 0.6722521185874939
  },
  {
    "step": 2,
    "timestamp": 1751648251.107379,
    "metric_name": "client_10701122686214100983_eval_num_examples",
    "value": 16
  },
  {
    "step": 2,
    "timestamp": 1751648251.107379,
    "metric_name": "client_10701122686214100983_eval_accuracy",
    "value": 0.8125
  },
  {
    "step": 2,
    "timestamp": 1751648251.107379,
    "metric_name": "client_10701122686214100983_eval_correct_predictions",
    "value": 13
  },
  {
    "step": 2,
    "timestamp": 1751648251.107379,
    "metric_name": "client_10701122686214100983_eval_evaluation_time",
    "value": 0.18110203742980957
  },
  {
    "step": 2,
    "timestamp": 1751648251.1074078,
    "metric_name": "client_13434166631473464781_eval_loss",
    "value": 0.6899950504302979
  },
  {
    "step": 2,
    "timestamp": 1751648251.1074078,
    "metric_name": "client_13434166631473464781_eval_num_examples",
    "value": 16
  },
  {
    "step": 2,
    "timestamp": 1751648251.1074078,
    "metric_name": "client_13434166631473464781_eval_accuracy",
    "value": 0.4375
  },
  {
    "step": 2,
    "timestamp": 1751648251.1074078,
    "metric_name": "client_13434166631473464781_eval_correct_predictions",
    "value": 7
  },
  {
    "step": 2,
    "timestamp": 1751648251.1074078,
    "metric_name": "client_13434166631473464781_eval_evaluation_time",
    "value": 0.18114995956420898
  },
  {
    "step": 2,
    "timestamp": 1751648251.107455,
    "metric_name": "server_loss",
    "value": 0.6811235845088959
  },
  {
    "step": 2,
    "timestamp": 1751648251.107455,
    "metric_name": "round",
    "value": 2
  },
  {
    "step": 2,
    "timestamp": 1751648251.107455,
    "metric_name": "timestamp",
    "value": 1751648251.1074402
  },
  {
    "step": 2,
    "timestamp": 1751648251.107455,
    "metric_name": "type",
    "value": "server"
  },
  {
    "step": 3,
    "timestamp": 1751648254.104453,
    "metric_name": "num_clients_fit",
    "value": 0
  },
  {
    "step": 3,
    "timestamp": 1751648254.104453,
    "metric_name": "num_failures",
    "value": 4
  },
  {
    "step": 3,
    "timestamp": 1751648254.104453,
    "metric_name": "aggregation_successful",
    "value": true
  },
  {
    "step": 3,
    "timestamp": 1751648254.104453,
    "metric_name": "round",
    "value": 3
  },
  {
    "step": 3,
    "timestamp": 1751648254.104453,
    "metric_name": "timestamp",
    "value": 1751648254.103862
  },
  {
    "step": 3,
    "timestamp": 1751648254.104453,
    "metric_name": "type",
    "value": "aggregation"
  },
  {
    "step": 3,
    "timestamp": 1751648256.44735,
    "metric_name": "client_7948915537455753516_eval_loss",
    "value": 0.686790406703949
  },
  {
    "step": 3,
    "timestamp": 1751648256.44735,
    "metric_name": "client_7948915537455753516_eval_num_examples",
    "value": 16
  },
  {
    "step": 3,
    "timestamp": 1751648256.44735,
    "metric_name": "client_7948915537455753516_eval_accuracy",
    "value": 0.5
  },
  {
    "step": 3,
    "timestamp": 1751648256.44735,
    "metric_name": "client_7948915537455753516_eval_correct_predictions",
    "value": 8
  },
  {
    "step": 3,
    "timestamp": 1751648256.44735,
    "metric_name": "client_7948915537455753516_eval_evaluation_time",
    "value": 0.1764988899230957
  },
  {
    "step": 3,
    "timestamp": 1751648256.4473789,
    "metric_name": "client_12476952537323136151_eval_loss",
    "value": 0.6730985641479492
  },
  {
    "step": 3,
    "timestamp": 1751648256.4473789,
    "metric_name": "client_12476952537323136151_eval_num_examples",
    "value": 16
  },
  {
    "step": 3,
    "timestamp": 1751648256.4473789,
    "metric_name": "client_12476952537323136151_eval_accuracy",
    "value": 0.6875
  },
  {
    "step": 3,
    "timestamp": 1751648256.4473789,
    "metric_name": "client_12476952537323136151_eval_correct_predictions",
    "value": 11
  },
  {
    "step": 3,
    "timestamp": 1751648256.4473789,
    "metric_name": "client_12476952537323136151_eval_evaluation_time",
    "value": 0.17594385147094727
  },
  {
    "step": 3,
    "timestamp": 1751648256.447417,
    "metric_name": "server_loss",
    "value": 0.6799444854259491
  },
  {
    "step": 3,
    "timestamp": 1751648256.447417,
    "metric_name": "round",
    "value": 3
  },
  {
    "step": 3,
    "timestamp": 1751648256.447417,
    "metric_name": "timestamp",
    "value": 1751648256.447402
  },
  {
    "step": 3,
    "timestamp": 1751648256.447417,
    "metric_name": "type",
    "value": "server"
  },
  {
    "step": 3,
    "timestamp": 1751648256.448398,
    "metric_name": "simulation_time",
    "value": 23.542816638946533
  },
  {
    "step": 3,
    "timestamp": 1751648256.448398,
    "metric_name": "total_time",
    "value": 25.190561771392822
  },
  {
    "step": 3,
    "timestamp": 1751648256.448398,
    "metric_name": "final_loss",
    "value": 0.6799444854259491
  },
  {
    "step": 3,
    "timestamp": 1751648256.448398,
    "metric_name": "final_accuracy",
    "value": 0.0
  },
  {
    "step": 3,
    "timestamp": 1751648256.448398,
    "metric_name": "round",
    "value": 3
  },
  {
    "step": 3,
    "timestamp": 1751648256.448398,
    "metric_name": "timestamp",
    "value": 1751648256.4483619
  },
  {
    "step": 3,
    "timestamp": 1751648256.448398,
    "metric_name": "type",
    "value": "server"
  }
]