{
  "experiment_name": "federated_experiment_1751801122",
  "export_timestamp": 1751801180.5319932,
  "total_rounds": 3,
  "round_metrics": [
    {
      "server_loss": 0.7038982983430226,
      "server_metrics": {},
      "round": 1,
      "timestamp": 1751801156.149298,
      "type": "server"
    },
    {
      "server_loss": 0.7038447447617848,
      "server_metrics": {},
      "round": 2,
      "timestamp": 1751801167.320822,
      "type": "server"
    },
    {
      "server_loss": 0.7035566914081574,
      "server_metrics": {},
      "round": 3,
      "timestamp": 1751801178.923566,
      "type": "server"
    },
    {
      "simulation_time": 42.34068298339844,
      "total_time": 56.04897689819336,
      "final_loss": 0.7035566914081574,
      "final_accuracy": 0.0,
      "round": 3,
      "timestamp": 1751801178.925379,
      "type": "server"
    }
  ],
  "client_metrics": {
    "13855112831854442318_eval": [
      {
        "loss": 0.7040964516003927,
        "num_examples": 2400,
        "accuracy": 0.26166666666666666,
        "correct_predictions": 628,
        "evaluation_time": 0.8435227870941162,
        "client_id": "13855112831854442318_eval",
        "round": 1,
        "timestamp": 1751801156.149072,
        "type": "client"
      },
      {
        "loss": 0.7036842600504557,
        "num_examples": 2400,
        "accuracy": 0.26625,
        "correct_predictions": 639,
        "evaluation_time": 1.072026014328003,
        "client_id": "13855112831854442318_eval",
        "round": 3,
        "timestamp": 1751801178.923251,
        "type": "client"
      }
    ],
    "16908277113080140994_eval": [
      {
        "loss": 0.7037001450856527,
        "num_examples": 2400,
        "accuracy": 0.2758333333333333,
        "correct_predictions": 662,
        "evaluation_time": 0.8403739929199219,
        "client_id": "16908277113080140994_eval",
        "round": 1,
        "timestamp": 1751801156.1491861,
        "type": "client"
      },
      {
        "loss": 0.7040238038698832,
        "num_examples": 2400,
        "accuracy": 0.26916666666666667,
        "correct_predictions": 646,
        "evaluation_time": 0.8185608386993408,
        "client_id": "16908277113080140994_eval",
        "round": 2,
        "timestamp": 1751801167.320659,
        "type": "client"
      }
    ],
    "17849953440854809410_eval": [
      {
        "loss": 0.7036656856536865,
        "num_examples": 2400,
        "accuracy": 0.27291666666666664,
        "correct_predictions": 655,
        "evaluation_time": 0.854741096496582,
        "client_id": "17849953440854809410_eval",
        "round": 2,
        "timestamp": 1751801167.32076,
        "type": "client"
      }
    ],
    "17567355944573250831_eval": [
      {
        "loss": 0.703429122765859,
        "num_examples": 2400,
        "accuracy": 0.28541666666666665,
        "correct_predictions": 685,
        "evaluation_time": 0.9532389640808105,
        "client_id": "17567355944573250831_eval",
        "round": 3,
        "timestamp": 1751801178.9234922,
        "type": "client"
      }
    ]
  }
}