[
  {
    "step": 1,
    "timestamp": 1751801152.41507,
    "metric_name": "num_clients_fit",
    "value": 0
  },
  {
    "step": 1,
    "timestamp": 1751801152.41507,
    "metric_name": "num_failures",
    "value": 4
  },
  {
    "step": 1,
    "timestamp": 1751801152.41507,
    "metric_name": "aggregation_successful",
    "value": true
  },
  {
    "step": 1,
    "timestamp": 1751801152.41507,
    "metric_name": "round",
    "value": 1
  },
  {
    "step": 1,
    "timestamp": 1751801152.41507,
    "metric_name": "timestamp",
    "value": 1751801152.414903
  },
  {
    "step": 1,
    "timestamp": 1751801152.41507,
    "metric_name": "type",
    "value": "aggregation"
  },
  {
    "step": 1,
    "timestamp": 1751801156.149174,
    "metric_name": "client_13855112831854442318_eval_loss",
    "value": 0.7040964516003927
  },
  {
    "step": 1,
    "timestamp": 1751801156.149174,
    "metric_name": "client_13855112831854442318_eval_num_examples",
    "value": 2400
  },
  {
    "step": 1,
    "timestamp": 1751801156.149174,
    "metric_name": "client_13855112831854442318_eval_accuracy",
    "value": 0.26166666666666666
  },
  {
    "step": 1,
    "timestamp": 1751801156.149174,
    "metric_name": "client_13855112831854442318_eval_correct_predictions",
    "value": 628
  },
  {
    "step": 1,
    "timestamp": 1751801156.149174,
    "metric_name": "client_13855112831854442318_eval_evaluation_time",
    "value": 0.8435227870941162
  },
  {
    "step": 1,
    "timestamp": 1751801156.1492128,
    "metric_name": "client_16908277113080140994_eval_loss",
    "value": 0.7037001450856527
  },
  {
    "step": 1,
    "timestamp": 1751801156.1492128,
    "metric_name": "client_16908277113080140994_eval_num_examples",
    "value": 2400
  },
  {
    "step": 1,
    "timestamp": 1751801156.1492128,
    "metric_name": "client_16908277113080140994_eval_accuracy",
    "value": 0.2758333333333333
  },
  {
    "step": 1,
    "timestamp": 1751801156.1492128,
    "metric_name": "client_16908277113080140994_eval_correct_predictions",
    "value": 662
  },
  {
    "step": 1,
    "timestamp": 1751801156.1492128,
    "metric_name": "client_16908277113080140994_eval_evaluation_time",
    "value": 0.8403739929199219
  },
  {
    "step": 1,
    "timestamp": 1751801156.1493142,
    "metric_name": "server_loss",
    "value": 0.7038982983430226
  },
  {
    "step": 1,
    "timestamp": 1751801156.1493142,
    "metric_name": "round",
    "value": 1
  },
  {
    "step": 1,
    "timestamp": 1751801156.1493142,
    "metric_name": "timestamp",
    "value": 1751801156.149298
  },
  {
    "step": 1,
    "timestamp": 1751801156.1493142,
    "metric_name": "type",
    "value": "server"
  },
  {
    "step": 2,
    "timestamp": 1751801163.431722,
    "metric_name": "num_clients_fit",
    "value": 0
  },
  {
    "step": 2,
    "timestamp": 1751801163.431722,
    "metric_name": "num_failures",
    "value": 4
  },
  {
    "step": 2,
    "timestamp": 1751801163.431722,
    "metric_name": "aggregation_successful",
    "value": true
  },
  {
    "step": 2,
    "timestamp": 1751801163.431722,
    "metric_name": "round",
    "value": 2
  },
  {
    "step": 2,
    "timestamp": 1751801163.431722,
    "metric_name": "timestamp",
    "value": 1751801163.431479
  },
  {
    "step": 2,
    "timestamp": 1751801163.431722,
    "metric_name": "type",
    "value": "aggregation"
  },
  {
    "step": 2,
    "timestamp": 1751801167.3207521,
    "metric_name": "client_16908277113080140994_eval_loss",
    "value": 0.7040238038698832
  },
  {
    "step": 2,
    "timestamp": 1751801167.3207521,
    "metric_name": "client_16908277113080140994_eval_num_examples",
    "value": 2400
  },
  {
    "step": 2,
    "timestamp": 1751801167.3207521,
    "metric_name": "client_16908277113080140994_eval_accuracy",
    "value": 0.26916666666666667
  },
  {
    "step": 2,
    "timestamp": 1751801167.3207521,
    "metric_name": "client_16908277113080140994_eval_correct_predictions",
    "value": 646
  },
  {
    "step": 2,
    "timestamp": 1751801167.3207521,
    "metric_name": "client_16908277113080140994_eval_evaluation_time",
    "value": 0.8185608386993408
  },
  {
    "step": 2,
    "timestamp": 1751801167.3207831,
    "metric_name": "client_17849953440854809410_eval_loss",
    "value": 0.7036656856536865
  },
  {
    "step": 2,
    "timestamp": 1751801167.3207831,
    "metric_name": "client_17849953440854809410_eval_num_examples",
    "value": 2400
  },
  {
    "step": 2,
    "timestamp": 1751801167.3207831,
    "metric_name": "client_17849953440854809410_eval_accuracy",
    "value": 0.27291666666666664
  },
  {
    "step": 2,
    "timestamp": 1751801167.3207831,
    "metric_name": "client_17849953440854809410_eval_correct_predictions",
    "value": 655
  },
  {
    "step": 2,
    "timestamp": 1751801167.3207831,
    "metric_name": "client_17849953440854809410_eval_evaluation_time",
    "value": 0.854741096496582
  },
  {
    "step": 2,
    "timestamp": 1751801167.320838,
    "metric_name": "server_loss",
    "value": 0.7038447447617848
  },
  {
    "step": 2,
    "timestamp": 1751801167.320838,
    "metric_name": "round",
    "value": 2
  },
  {
    "step": 2,
    "timestamp": 1751801167.320838,
    "metric_name": "timestamp",
    "value": 1751801167.320822
  },
  {
    "step": 2,
    "timestamp": 1751801167.320838,
    "metric_name": "type",
    "value": "server"
  },
  {
    "step": 3,
    "timestamp": 1751801175.2106,
    "metric_name": "num_clients_fit",
    "value": 0
  },
  {
    "step": 3,
    "timestamp": 1751801175.2106,
    "metric_name": "num_failures",
    "value": 4
  },
  {
    "step": 3,
    "timestamp": 1751801175.2106,
    "metric_name": "aggregation_successful",
    "value": true
  },
  {
    "step": 3,
    "timestamp": 1751801175.2106,
    "metric_name": "round",
    "value": 3
  },
  {
    "step": 3,
    "timestamp": 1751801175.2106,
    "metric_name": "timestamp",
    "value": 1751801175.210337
  },
  {
    "step": 3,
    "timestamp": 1751801175.2106,
    "metric_name": "type",
    "value": "aggregation"
  },
  {
    "step": 3,
    "timestamp": 1751801178.923477,
    "metric_name": "client_13855112831854442318_eval_loss",
    "value": 0.7036842600504557
  },
  {
    "step": 3,
    "timestamp": 1751801178.923477,
    "metric_name": "client_13855112831854442318_eval_num_examples",
    "value": 2400
  },
  {
    "step": 3,
    "timestamp": 1751801178.923477,
    "metric_name": "client_13855112831854442318_eval_accuracy",
    "value": 0.26625
  },
  {
    "step": 3,
    "timestamp": 1751801178.923477,
    "metric_name": "client_13855112831854442318_eval_correct_predictions",
    "value": 639
  },
  {
    "step": 3,
    "timestamp": 1751801178.923477,
    "metric_name": "client_13855112831854442318_eval_evaluation_time",
    "value": 1.072026014328003
  },
  {
    "step": 3,
    "timestamp": 1751801178.923533,
    "metric_name": "client_17567355944573250831_eval_loss",
    "value": 0.703429122765859
  },
  {
    "step": 3,
    "timestamp": 1751801178.923533,
    "metric_name": "client_17567355944573250831_eval_num_examples",
    "value": 2400
  },
  {
    "step": 3,
    "timestamp": 1751801178.923533,
    "metric_name": "client_17567355944573250831_eval_accuracy",
    "value": 0.28541666666666665
  },
  {
    "step": 3,
    "timestamp": 1751801178.923533,
    "metric_name": "client_17567355944573250831_eval_correct_predictions",
    "value": 685
  },
  {
    "step": 3,
    "timestamp": 1751801178.923533,
    "metric_name": "client_17567355944573250831_eval_evaluation_time",
    "value": 0.9532389640808105
  },
  {
    "step": 3,
    "timestamp": 1751801178.923585,
    "metric_name": "server_loss",
    "value": 0.7035566914081574
  },
  {
    "step": 3,
    "timestamp": 1751801178.923585,
    "metric_name": "round",
    "value": 3
  },
  {
    "step": 3,
    "timestamp": 1751801178.923585,
    "metric_name": "timestamp",
    "value": 1751801178.923566
  },
  {
    "step": 3,
    "timestamp": 1751801178.923585,
    "metric_name": "type",
    "value": "server"
  },
  {
    "step": 3,
    "timestamp": 1751801178.925431,
    "metric_name": "simulation_time",
    "value": 42.34068298339844
  },
  {
    "step": 3,
    "timestamp": 1751801178.925431,
    "metric_name": "total_time",
    "value": 56.04897689819336
  },
  {
    "step": 3,
    "timestamp": 1751801178.925431,
    "metric_name": "final_loss",
    "value": 0.7035566914081574
  },
  {
    "step": 3,
    "timestamp": 1751801178.925431,
    "metric_name": "final_accuracy",
    "value": 0.0
  },
  {
    "step": 3,
    "timestamp": 1751801178.925431,
    "metric_name": "round",
    "value": 3
  },
  {
    "step": 3,
    "timestamp": 1751801178.925431,
    "metric_name": "timestamp",
    "value": 1751801178.925379
  },
  {
    "step": 3,
    "timestamp": 1751801178.925431,
    "metric_name": "type",
    "value": "server"
  }
]