[
  {
    "step": 0,
    "timestamp": 1751801836.522891,
    "metric_name": "error",
    "value": "Unknown dataset: synthetic_iot. Available datasets: ['mnist', 'cifar10', 'custom_csv', 'iot_general']"
  },
  {
    "step": 0,
    "timestamp": 1751801836.522891,
    "metric_name": "simulation_failed",
    "value": true
  },
  {
    "step": 0,
    "timestamp": 1751801836.522891,
    "metric_name": "round",
    "value": 0
  },
  {
    "step": 0,
    "timestamp": 1751801836.522891,
    "metric_name": "timestamp",
    "value": 1751801836.522793
  },
  {
    "step": 0,
    "timestamp": 1751801836.522891,
    "metric_name": "type",
    "value": "server"
  }
]