[
  {
    "step": 1,
    "timestamp": 1751566208.618272,
    "metric_name": "error",
    "value": "Simulation crashed."
  },
  {
    "step": 1,
    "timestamp": 1751566208.618272,
    "metric_name": "simulation_failed",
    "value": true
  },
  {
    "step": 1,
    "timestamp": 1751566208.618272,
    "metric_name": "round",
    "value": 1
  },
  {
    "step": 1,
    "timestamp": 1751566208.618272,
    "metric_name": "timestamp",
    "value": 1751566208.6182
  },
  {
    "step": 1,
    "timestamp": 1751566208.618272,
    "metric_name": "type",
    "value": "server"
  }
]