{
  "experiment_name": "federated_experiment_1751566291",
  "export_timestamp": 1751566323.5283341,
  "total_rounds": 1,
  "round_metrics": [
    {
      "server_loss": null,
      "server_metrics": {},
      "round": 1,
      "timestamp": 1751566321.570634,
      "type": "server"
    },
    {
      "simulation_time": 14.201745748519897,
      "total_time": 29.70335602760315,
      "final_loss": Infinity,
      "final_accuracy": 0.0,
      "round": 1,
      "timestamp": 1751566321.571908,
      "type": "server"
    }
  ],
  "client_metrics": {}
}