{
  "experiment_name": "federated_experiment_1751648089",
  "export_timestamp": 1751648118.1482408,
  "total_rounds": 3,
  "round_metrics": [
    {
      "server_loss": 0.6994733214378357,
      "server_metrics": {},
      "round": 1,
      "timestamp": 1751648105.464324,
      "type": "server"
    },
    {
      "server_loss": 0.6927535533905029,
      "server_metrics": {},
      "round": 2,
      "timestamp": 1751648110.869184,
      "type": "server"
    },
    {
      "server_loss": 0.7011752128601074,
      "server_metrics": {},
      "round": 3,
      "timestamp": 1751648116.4178429,
      "type": "server"
    },
    {
      "simulation_time": 24.840696096420288,
      "total_time": 26.615511178970337,
      "final_loss": 0.7011752128601074,
      "final_accuracy": 0.0,
      "round": 3,
      "timestamp": 1751648116.418776,
      "type": "server"
    }
  ],
  "client_metrics": {
    "5802807441139128709_eval": [
      {
        "loss": 0.6969133615493774,
        "num_examples": 16,
        "accuracy": 0.3125,
        "correct_predictions": 5,
        "evaluation_time": 0.46729516983032227,
        "client_id": "5802807441139128709_eval",
        "round": 1,
        "timestamp": 1751648105.46417,
        "type": "client"
      },
      {
        "loss": 0.6968295574188232,
        "num_examples": 16,
        "accuracy": 0.375,
        "correct_predictions": 6,
        "evaluation_time": 0.19289183616638184,
        "client_id": "5802807441139128709_eval",
        "round": 3,
        "timestamp": 1751648116.417805,
        "type": "client"
      }
    ],
    "5106573657980754944_eval": [
      {
        "loss": 0.702033281326294,
        "num_examples": 16,
        "accuracy": 0.25,
        "correct_predictions": 4,
        "evaluation_time": 0.4589958190917969,
        "client_id": "5106573657980754944_eval",
        "round": 1,
        "timestamp": 1751648105.4642282,
        "type": "client"
      }
    ],
    "713361587559225749_eval": [
      {
        "loss": 0.6943521499633789,
        "num_examples": 16,
        "accuracy": 0.375,
        "correct_predictions": 6,
        "evaluation_time": 0.17731189727783203,
        "client_id": "713361587559225749_eval",
        "round": 2,
        "timestamp": 1751648110.8690891,
        "type": "client"
      }
    ],
    "10226665845596518190_eval": [
      {
        "loss": 0.691154956817627,
        "num_examples": 16,
        "accuracy": 0.4375,
        "correct_predictions": 7,
        "evaluation_time": 0.23940300941467285,
        "client_id": "10226665845596518190_eval",
        "round": 2,
        "timestamp": 1751648110.8691351,
        "type": "client"
      },
      {
        "loss": 0.7055208683013916,
        "num_examples": 16,
        "accuracy": 0.1875,
        "correct_predictions": 3,
        "evaluation_time": 0.192108154296875,
        "client_id": "10226665845596518190_eval",
        "round": 3,
        "timestamp": 1751648116.417753,
        "type": "client"
      }
    ]
  }
}