{
  "experiment_name": "federated_experiment_1751647936",
  "export_timestamp": 1751647954.102447,
  "total_rounds": 1,
  "round_metrics": [
    {
      "error": "Simulation crashed.",
      "simulation_failed": true,
      "round": 1,
      "timestamp": 1751647954.102368,
      "type": "server"
    }
  ],
  "client_metrics": {
    "14744784608718027117": [
      {
        "error": "Parameter count mismatch: expected 8, got 6",
        "client_id": "14744784608718027117",
        "round": 1,
        "timestamp": 1751647952.3553221,
        "type": "client"
      }
    ],
    "12214451598667952697": [
      {
        "error": "Parameter count mismatch: expected 8, got 6",
        "client_id": "12214451598667952697",
        "round": 1,
        "timestamp": 1751647952.355541,
        "type": "client"
      }
    ],
    "13500577320007908898": [
      {
        "error": "Parameter count mismatch: expected 8, got 6",
        "client_id": "13500577320007908898",
        "round": 1,
        "timestamp": 1751647952.355553,
        "type": "client"
      }
    ],
    "23968108963841044": [
      {
        "error": "Parameter count mismatch: expected 8, got 6",
        "client_id": "23968108963841044",
        "round": 1,
        "timestamp": 1751647952.355561,
        "type": "client"
      }
    ]
  }
}