{
  "experiment_name": "federated_experiment_1751801852",
  "export_timestamp": 1751801905.9999628,
  "total_rounds": 3,
  "round_metrics": [
    {
      "server_loss": 0.6842567066351573,
      "server_metrics": {},
      "round": 1,
      "timestamp": 1751801884.123513,
      "type": "server"
    },
    {
      "server_loss": 0.6845194339752197,
      "server_metrics": {},
      "round": 2,
      "timestamp": 1751801894.260863,
      "type": "server"
    },
    {
      "server_loss": 0.6846928930282593,
      "server_metrics": {},
      "round": 3,
      "timestamp": 1751801904.31173,
      "type": "server"
    },
    {
      "simulation_time": 37.71054816246033,
      "total_time": 51.67937779426575,
      "final_loss": 0.6846928930282593,
      "final_accuracy": 0.0,
      "round": 3,
      "timestamp": 1751801904.313206,
      "type": "server"
    }
  ],
  "client_metrics": {
    "2574454986449326032_eval": [
      {
        "loss": 0.6841752441724142,
        "num_examples": 2400,
        "accuracy": 0.6858333333333333,
        "correct_predictions": 1646,
        "evaluation_time": 0.833763837814331,
        "client_id": "2574454986449326032_eval",
        "round": 1,
        "timestamp": 1751801884.1233668,
        "type": "client"
      },
      {
        "loss": 0.6844545451800028,
        "num_examples": 2400,
        "accuracy": 0.6691666666666667,
        "correct_predictions": 1606,
        "evaluation_time": 0.8145558834075928,
        "client_id": "2574454986449326032_eval",
        "round": 3,
        "timestamp": 1751801904.311692,
        "type": "client"
      }
    ],
    "1483856634666117961_eval": [
      {
        "loss": 0.6843381690979004,
        "num_examples": 2400,
        "accuracy": 0.6816666666666666,
        "correct_predictions": 1636,
        "evaluation_time": 0.8337242603302002,
        "client_id": "1483856634666117961_eval",
        "round": 1,
        "timestamp": 1751801884.123428,
        "type": "client"
      },
      {
        "loss": 0.6849312408765157,
        "num_examples": 2400,
        "accuracy": 0.6666666666666666,
        "correct_predictions": 1600,
        "evaluation_time": 0.8149418830871582,
        "client_id": "1483856634666117961_eval",
        "round": 3,
        "timestamp": 1751801904.311629,
        "type": "client"
      }
    ],
    "10016023724295111120_eval": [
      {
        "loss": 0.6842478203773499,
        "num_examples": 2400,
        "accuracy": 0.6729166666666667,
        "correct_predictions": 1615,
        "evaluation_time": 0.8134348392486572,
        "client_id": "10016023724295111120_eval",
        "round": 2,
        "timestamp": 1751801894.260768,
        "type": "client"
      }
    ],
    "18110984400145612462_eval": [
      {
        "loss": 0.6847910475730896,
        "num_examples": 2400,
        "accuracy": 0.6775,
        "correct_predictions": 1626,
        "evaluation_time": 0.8122680187225342,
        "client_id": "18110984400145612462_eval",
        "round": 2,
        "timestamp": 1751801894.26082,
        "type": "client"
      }
    ]
  }
}