[
  {
    "step": 1,
    "timestamp": 1751801880.6064682,
    "metric_name": "num_clients_fit",
    "value": 0
  },
  {
    "step": 1,
    "timestamp": 1751801880.6064682,
    "metric_name": "num_failures",
    "value": 4
  },
  {
    "step": 1,
    "timestamp": 1751801880.6064682,
    "metric_name": "aggregation_successful",
    "value": true
  },
  {
    "step": 1,
    "timestamp": 1751801880.6064682,
    "metric_name": "round",
    "value": 1
  },
  {
    "step": 1,
    "timestamp": 1751801880.6064682,
    "metric_name": "timestamp",
    "value": 1751801880.606157
  },
  {
    "step": 1,
    "timestamp": 1751801880.6064682,
    "metric_name": "type",
    "value": "aggregation"
  },
  {
    "step": 1,
    "timestamp": 1751801884.123418,
    "metric_name": "client_2574454986449326032_eval_loss",
    "value": 0.6841752441724142
  },
  {
    "step": 1,
    "timestamp": 1751801884.123418,
    "metric_name": "client_2574454986449326032_eval_num_examples",
    "value": 2400
  },
  {
    "step": 1,
    "timestamp": 1751801884.123418,
    "metric_name": "client_2574454986449326032_eval_accuracy",
    "value": 0.6858333333333333
  },
  {
    "step": 1,
    "timestamp": 1751801884.123418,
    "metric_name": "client_2574454986449326032_eval_correct_predictions",
    "value": 1646
  },
  {
    "step": 1,
    "timestamp": 1751801884.123418,
    "metric_name": "client_2574454986449326032_eval_evaluation_time",
    "value": 0.833763837814331
  },
  {
    "step": 1,
    "timestamp": 1751801884.123452,
    "metric_name": "client_1483856634666117961_eval_loss",
    "value": 0.6843381690979004
  },
  {
    "step": 1,
    "timestamp": 1751801884.123452,
    "metric_name": "client_1483856634666117961_eval_num_examples",
    "value": 2400
  },
  {
    "step": 1,
    "timestamp": 1751801884.123452,
    "metric_name": "client_1483856634666117961_eval_accuracy",
    "value": 0.6816666666666666
  },
  {
    "step": 1,
    "timestamp": 1751801884.123452,
    "metric_name": "client_1483856634666117961_eval_correct_predictions",
    "value": 1636
  },
  {
    "step": 1,
    "timestamp": 1751801884.123452,
    "metric_name": "client_1483856634666117961_eval_evaluation_time",
    "value": 0.8337242603302002
  },
  {
    "step": 1,
    "timestamp": 1751801884.123532,
    "metric_name": "server_loss",
    "value": 0.6842567066351573
  },
  {
    "step": 1,
    "timestamp": 1751801884.123532,
    "metric_name": "round",
    "value": 1
  },
  {
    "step": 1,
    "timestamp": 1751801884.123532,
    "metric_name": "timestamp",
    "value": 1751801884.123513
  },
  {
    "step": 1,
    "timestamp": 1751801884.123532,
    "metric_name": "type",
    "value": "server"
  },
  {
    "step": 2,
    "timestamp": 1751801890.9662569,
    "metric_name": "num_clients_fit",
    "value": 0
  },
  {
    "step": 2,
    "timestamp": 1751801890.9662569,
    "metric_name": "num_failures",
    "value": 4
  },
  {
    "step": 2,
    "timestamp": 1751801890.9662569,
    "metric_name": "aggregation_successful",
    "value": true
  },
  {
    "step": 2,
    "timestamp": 1751801890.9662569,
    "metric_name": "round",
    "value": 2
  },
  {
    "step": 2,
    "timestamp": 1751801890.9662569,
    "metric_name": "timestamp",
    "value": 1751801890.965853
  },
  {
    "step": 2,
    "timestamp": 1751801890.9662569,
    "metric_name": "type",
    "value": "aggregation"
  },
  {
    "step": 2,
    "timestamp": 1751801894.260813,
    "metric_name": "client_10016023724295111120_eval_loss",
    "value": 0.6842478203773499
  },
  {
    "step": 2,
    "timestamp": 1751801894.260813,
    "metric_name": "client_10016023724295111120_eval_num_examples",
    "value": 2400
  },
  {
    "step": 2,
    "timestamp": 1751801894.260813,
    "metric_name": "client_10016023724295111120_eval_accuracy",
    "value": 0.6729166666666667
  },
  {
    "step": 2,
    "timestamp": 1751801894.260813,
    "metric_name": "client_10016023724295111120_eval_correct_predictions",
    "value": 1615
  },
  {
    "step": 2,
    "timestamp": 1751801894.260813,
    "metric_name": "client_10016023724295111120_eval_evaluation_time",
    "value": 0.8134348392486572
  },
  {
    "step": 2,
    "timestamp": 1751801894.2608461,
    "metric_name": "client_18110984400145612462_eval_loss",
    "value": 0.6847910475730896
  },
  {
    "step": 2,
    "timestamp": 1751801894.2608461,
    "metric_name": "client_18110984400145612462_eval_num_examples",
    "value": 2400
  },
  {
    "step": 2,
    "timestamp": 1751801894.2608461,
    "metric_name": "client_18110984400145612462_eval_accuracy",
    "value": 0.6775
  },
  {
    "step": 2,
    "timestamp": 1751801894.2608461,
    "metric_name": "client_18110984400145612462_eval_correct_predictions",
    "value": 1626
  },
  {
    "step": 2,
    "timestamp": 1751801894.2608461,
    "metric_name": "client_18110984400145612462_eval_evaluation_time",
    "value": 0.8122680187225342
  },
  {
    "step": 2,
    "timestamp": 1751801894.260879,
    "metric_name": "server_loss",
    "value": 0.6845194339752197
  },
  {
    "step": 2,
    "timestamp": 1751801894.260879,
    "metric_name": "round",
    "value": 2
  },
  {
    "step": 2,
    "timestamp": 1751801894.260879,
    "metric_name": "timestamp",
    "value": 1751801894.260863
  },
  {
    "step": 2,
    "timestamp": 1751801894.260879,
    "metric_name": "type",
    "value": "server"
  },
  {
    "step": 3,
    "timestamp": 1751801901.0091908,
    "metric_name": "num_clients_fit",
    "value": 0
  },
  {
    "step": 3,
    "timestamp": 1751801901.0091908,
    "metric_name": "num_failures",
    "value": 4
  },
  {
    "step": 3,
    "timestamp": 1751801901.0091908,
    "metric_name": "aggregation_successful",
    "value": true
  },
  {
    "step": 3,
    "timestamp": 1751801901.0091908,
    "metric_name": "round",
    "value": 3
  },
  {
    "step": 3,
    "timestamp": 1751801901.0091908,
    "metric_name": "timestamp",
    "value": 1751801901.008904
  },
  {
    "step": 3,
    "timestamp": 1751801901.0091908,
    "metric_name": "type",
    "value": "aggregation"
  },
  {
    "step": 3,
    "timestamp": 1751801904.311674,
    "metric_name": "client_1483856634666117961_eval_loss",
    "value": 0.6849312408765157
  },
  {
    "step": 3,
    "timestamp": 1751801904.311674,
    "metric_name": "client_1483856634666117961_eval_num_examples",
    "value": 2400
  },
  {
    "step": 3,
    "timestamp": 1751801904.311674,
    "metric_name": "client_1483856634666117961_eval_accuracy",
    "value": 0.6666666666666666
  },
  {
    "step": 3,
    "timestamp": 1751801904.311674,
    "metric_name": "client_1483856634666117961_eval_correct_predictions",
    "value": 1600
  },
  {
    "step": 3,
    "timestamp": 1751801904.311674,
    "metric_name": "client_1483856634666117961_eval_evaluation_time",
    "value": 0.8149418830871582
  },
  {
    "step": 3,
    "timestamp": 1751801904.311716,
    "metric_name": "client_2574454986449326032_eval_loss",
    "value": 0.6844545451800028
  },
  {
    "step": 3,
    "timestamp": 1751801904.311716,
    "metric_name": "client_2574454986449326032_eval_num_examples",
    "value": 2400
  },
  {
    "step": 3,
    "timestamp": 1751801904.311716,
    "metric_name": "client_2574454986449326032_eval_accuracy",
    "value": 0.6691666666666667
  },
  {
    "step": 3,
    "timestamp": 1751801904.311716,
    "metric_name": "client_2574454986449326032_eval_correct_predictions",
    "value": 1606
  },
  {
    "step": 3,
    "timestamp": 1751801904.311716,
    "metric_name": "client_2574454986449326032_eval_evaluation_time",
    "value": 0.8145558834075928
  },
  {
    "step": 3,
    "timestamp": 1751801904.311745,
    "metric_name": "server_loss",
    "value": 0.6846928930282593
  },
  {
    "step": 3,
    "timestamp": 1751801904.311745,
    "metric_name": "round",
    "value": 3
  },
  {
    "step": 3,
    "timestamp": 1751801904.311745,
    "metric_name": "timestamp",
    "value": 1751801904.31173
  },
  {
    "step": 3,
    "timestamp": 1751801904.311745,
    "metric_name": "type",
    "value": "server"
  },
  {
    "step": 3,
    "timestamp": 1751801904.3132951,
    "metric_name": "simulation_time",
    "value": 37.71054816246033
  },
  {
    "step": 3,
    "timestamp": 1751801904.3132951,
    "metric_name": "total_time",
    "value": 51.67937779426575
  },
  {
    "step": 3,
    "timestamp": 1751801904.3132951,
    "metric_name": "final_loss",
    "value": 0.6846928930282593
  },
  {
    "step": 3,
    "timestamp": 1751801904.3132951,
    "metric_name": "final_accuracy",
    "value": 0.0
  },
  {
    "step": 3,
    "timestamp": 1751801904.3132951,
    "metric_name": "round",
    "value": 3
  },
  {
    "step": 3,
    "timestamp": 1751801904.3132951,
    "metric_name": "timestamp",
    "value": 1751801904.313206
  },
  {
    "step": 3,
    "timestamp": 1751801904.3132951,
    "metric_name": "type",
    "value": "server"
  }
]