{
  "simulation_config": {
    "num_clients": 5,
    "num_rounds": 3,
    "datasets": [
      "mnist",
      "iot_general",
      "custom_csv"
    ],
    "total_time": 0.18087315559387207,
    "timestamp": "2025-07-05T20:46:38.867366"
  },
  "results": {
    "mnist": {
      "status": "success",
      "dataset": "mnist",
      "num_clients": 5,
      "num_rounds": 3,
      "execution_time": 0.07313084602355957,
      "stdout": "",
      "stderr": "2025-07-05 20:46:38,749 - __main__ - INFO - Starting TRUST-MCNet Refactored Architecture Demonstration\n2025-07-05 20:46:38,749 - __main__ - INFO - ============================================================\n2025-07-05 20:46:38,751 - __main__ - INFO - Loaded configuration from config/config.yaml\n2025-07-05 20:46:38,751 - __main__ - INFO - Configuration: {'defaults': [{'dataset': 'mnist'}, {'env': 'local'}, {'strategy': 'fedavg'}, {'trust': 'hybrid'}, {'model': 'mlp'}, {'training': 'default'}, {'ray': 'local'}, '_self_'], 'hydra': {'run': {'dir': 'outputs/${now:%Y-%m-%d}/${now:%H-%M-%S}'}, 'sweep': {'dir': 'multirun/${now:%Y-%m-%d}/${now:%H-%M-%S}', 'subdir': '${hydra:job.num}'}, 'job': {'chdir': False}}, 'federated': {'num_rounds': 3, 'fraction_fit': 0.8, 'fraction_evaluate': 0.2, 'min_fit_clients': 2, 'min_evaluate_clients': 2, 'min_available_clients': 2}, 'simulation': {'use_legacy': False, 'use_enhanced_client': True, 'enable_trust_evaluation': True, 'trust_threshold': 0.5, 'enable_metrics_aggregation': True}, 'logging': {'level': 'INFO', 'format': '%(asctime)s - %(name)s - %(levelname)s - %(message)s', 'log_to_file': False, 'log_file': None, 'metrics': {'enable_tensorboard': False, 'tensorboard_dir': 'logs/tensorboard', 'log_frequency': 1}}}\n2025-07-05 20:46:38,751 - __main__ - INFO - Initializing MockExperimentManager\n2025-07-05 20:46:38,751 - __main__ - INFO - Created MockDataLoader with config: {}\n2025-07-05 20:46:38,751 - __main__ - INFO - Created MockModel with config: {}\n2025-07-05 20:46:38,751 - __main__ - INFO - Created MockTrustEvaluator with config: {}\n2025-07-05 20:46:38,751 - __main__ - INFO - Created MockFederatedStrategy with config: {}\n2025-07-05 20:46:38,751 - __main__ - INFO - Created MockModel with config: {}\n2025-07-05 20:46:38,751 - __main__ - INFO - Created MockClient 0\n2025-07-05 20:46:38,751 - __main__ - INFO - Created MockModel with config: {}\n2025-07-05 20:46:38,751 - __main__ - INFO - Created MockClient 1\n2025-07-05 20:46:38,751 - __main__ - INFO - Created MockModel with config: {}\n2025-07-05 20:46:38,751 - __main__ - INFO - Created MockClient 2\n2025-07-05 20:46:38,751 - __main__ - INFO - Created MockModel with config: {}\n2025-07-05 20:46:38,751 - __main__ - INFO - Created MockClient 3\n2025-07-05 20:46:38,751 - __main__ - INFO - Created MockModel with config: {}\n2025-07-05 20:46:38,751 - __main__ - INFO - Created MockClient 4\n2025-07-05 20:46:38,751 - __main__ - INFO - Created 5 clients\n2025-07-05 20:46:38,751 - __main__ - INFO - Starting federated learning experiment\n2025-07-05 20:46:38,751 - __main__ - INFO - Loading mock training data...\n2025-07-05 20:46:38,751 - __main__ - INFO - Getting model parameters\n2025-07-05 20:46:38,751 - __main__ - INFO - \n=== Round 1/3 ===\n2025-07-05 20:46:38,752 - __main__ - INFO - Round 0: Selected clients [0, 1, 2]\n2025-07-05 20:46:38,752 - __main__ - INFO - Client 0: Starting local training\n2025-07-05 20:46:38,752 - __main__ - INFO - Setting model parameters\n2025-07-05 20:46:38,752 - __main__ - INFO - Getting data for client 0\n2025-07-05 20:46:38,752 - __main__ - INFO - Training model on data\n2025-07-05 20:46:38,752 - __main__ - INFO - Getting model parameters\n2025-07-05 20:46:38,752 - __main__ - INFO - Client 0: Local training complete\n2025-07-05 20:46:38,752 - __main__ - INFO - Client 1: Starting local training\n2025-07-05 20:46:38,752 - __main__ - INFO - Setting model parameters\n2025-07-05 20:46:38,752 - __main__ - INFO - Getting data for client 1\n2025-07-05 20:46:38,752 - __main__ - INFO - Training model on data\n2025-07-05 20:46:38,752 - __main__ - INFO - Getting model parameters\n2025-07-05 20:46:38,752 - __main__ - INFO - Client 1: Local training complete\n2025-07-05 20:46:38,752 - __main__ - INFO - Client 2: Starting local training\n2025-07-05 20:46:38,752 - __main__ - INFO - Setting model parameters\n2025-07-05 20:46:38,752 - __main__ - INFO - Getting data for client 2\n2025-07-05 20:46:38,752 - __main__ - INFO - Training model on data\n2025-07-05 20:46:38,752 - __main__ - INFO - Getting model parameters\n2025-07-05 20:46:38,752 - __main__ - INFO - Client 2: Local training complete\n2025-07-05 20:46:38,752 - __main__ - INFO - Client 0 trust score: 1.000\n2025-07-05 20:46:38,752 - __main__ - INFO - Client 0 passed trust filter\n2025-07-05 20:46:38,752 - __main__ - INFO - Client 1 trust score: 0.900\n2025-07-05 20:46:38,752 - __main__ - INFO - Client 1 passed trust filter\n2025-07-05 20:46:38,752 - __main__ - INFO - Client 2 trust score: 0.800\n2025-07-05 20:46:38,752 - __main__ - INFO - Client 2 passed trust filter\n2025-07-05 20:46:38,752 - __main__ - INFO - Trust filter: 3/3 clients passed\n2025-07-05 20:46:38,752 - __main__ - INFO - Aggregating updates from 3 clients\n2025-07-05 20:46:38,752 - __main__ - INFO - Global model updated with aggregated parameters\n2025-07-05 20:46:38,752 - __main__ - INFO - Evaluating model on data\n2025-07-05 20:46:38,752 - __main__ - INFO - Round 1 Global Model Performance: {'test_loss': 0.05, 'test_accuracy': 0.98}\n2025-07-05 20:46:38,752 - __main__ - INFO - \n=== Round 2/3 ===\n2025-07-05 20:46:38,752 - __main__ - INFO - Round 1: Selected clients [0, 1, 2]\n2025-07-05 20:46:38,752 - __main__ - INFO - Client 0: Starting local training\n2025-07-05 20:46:38,752 - __main__ - INFO - Setting model parameters\n2025-07-05 20:46:38,752 - __main__ - INFO - Getting data for client 0\n2025-07-05 20:46:38,752 - __main__ - INFO - Training model on data\n2025-07-05 20:46:38,752 - __main__ - INFO - Getting model parameters\n2025-07-05 20:46:38,752 - __main__ - INFO - Client 0: Local training complete\n2025-07-05 20:46:38,752 - __main__ - INFO - Client 1: Starting local training\n2025-07-05 20:46:38,752 - __main__ - INFO - Setting model parameters\n2025-07-05 20:46:38,752 - __main__ - INFO - Getting data for client 1\n2025-07-05 20:46:38,752 - __main__ - INFO - Training model on data\n2025-07-05 20:46:38,752 - __main__ - INFO - Getting model parameters\n2025-07-05 20:46:38,752 - __main__ - INFO - Client 1: Local training complete\n2025-07-05 20:46:38,752 - __main__ - INFO - Client 2: Starting local training\n2025-07-05 20:46:38,752 - __main__ - INFO - Setting model parameters\n2025-07-05 20:46:38,752 - __main__ - INFO - Getting data for client 2\n2025-07-05 20:46:38,752 - __main__ - INFO - Training model on data\n2025-07-05 20:46:38,752 - __main__ - INFO - Getting model parameters\n2025-07-05 20:46:38,752 - __main__ - INFO - Client 2: Local training complete\n2025-07-05 20:46:38,752 - __main__ - INFO - Client 0 trust score: 1.000\n2025-07-05 20:46:38,752 - __main__ - INFO - Client 0 passed trust filter\n2025-07-05 20:46:38,752 - __main__ - INFO - Client 1 trust score: 0.900\n2025-07-05 20:46:38,752 - __main__ - INFO - Client 1 passed trust filter\n2025-07-05 20:46:38,752 - __main__ - INFO - Client 2 trust score: 0.800\n2025-07-05 20:46:38,752 - __main__ - INFO - Client 2 passed trust filter\n2025-07-05 20:46:38,752 - __main__ - INFO - Trust filter: 3/3 clients passed\n2025-07-05 20:46:38,752 - __main__ - INFO - Aggregating updates from 3 clients\n2025-07-05 20:46:38,752 - __main__ - INFO - Global model updated with aggregated parameters\n2025-07-05 20:46:38,752 - __main__ - INFO - Evaluating model on data\n2025-07-05 20:46:38,752 - __main__ - INFO - Round 2 Global Model Performance: {'test_loss': 0.05, 'test_accuracy': 0.98}\n2025-07-05 20:46:38,752 - __main__ - INFO - \n=== Round 3/3 ===\n2025-07-05 20:46:38,752 - __main__ - INFO - Round 2: Selected clients [0, 1, 2]\n2025-07-05 20:46:38,753 - __main__ - INFO - Client 0: Starting local training\n2025-07-05 20:46:38,753 - __main__ - INFO - Setting model parameters\n2025-07-05 20:46:38,753 - __main__ - INFO - Getting data for client 0\n2025-07-05 20:46:38,753 - __main__ - INFO - Training model on data\n2025-07-05 20:46:38,753 - __main__ - INFO - Getting model parameters\n2025-07-05 20:46:38,753 - __main__ - INFO - Client 0: Local training complete\n2025-07-05 20:46:38,753 - __main__ - INFO - Client 1: Starting local training\n2025-07-05 20:46:38,753 - __main__ - INFO - Setting model parameters\n2025-07-05 20:46:38,753 - __main__ - INFO - Getting data for client 1\n2025-07-05 20:46:38,753 - __main__ - INFO - Training model on data\n2025-07-05 20:46:38,753 - __main__ - INFO - Getting model parameters\n2025-07-05 20:46:38,753 - __main__ - INFO - Client 1: Local training complete\n2025-07-05 20:46:38,753 - __main__ - INFO - Client 2: Starting local training\n2025-07-05 20:46:38,753 - __main__ - INFO - Setting model parameters\n2025-07-05 20:46:38,753 - __main__ - INFO - Getting data for client 2\n2025-07-05 20:46:38,753 - __main__ - INFO - Training model on data\n2025-07-05 20:46:38,753 - __main__ - INFO - Getting model parameters\n2025-07-05 20:46:38,753 - __main__ - INFO - Client 2: Local training complete\n2025-07-05 20:46:38,753 - __main__ - INFO - Client 0 trust score: 1.000\n2025-07-05 20:46:38,753 - __main__ - INFO - Client 0 passed trust filter\n2025-07-05 20:46:38,753 - __main__ - INFO - Client 1 trust score: 0.900\n2025-07-05 20:46:38,753 - __main__ - INFO - Client 1 passed trust filter\n2025-07-05 20:46:38,753 - __main__ - INFO - Client 2 trust score: 0.800\n2025-07-05 20:46:38,753 - __main__ - INFO - Client 2 passed trust filter\n2025-07-05 20:46:38,753 - __main__ - INFO - Trust filter: 3/3 clients passed\n2025-07-05 20:46:38,753 - __main__ - INFO - Aggregating updates from 3 clients\n2025-07-05 20:46:38,753 - __main__ - INFO - Global model updated with aggregated parameters\n2025-07-05 20:46:38,753 - __main__ - INFO - Evaluating model on data\n2025-07-05 20:46:38,753 - __main__ - INFO - Round 3 Global Model Performance: {'test_loss': 0.05, 'test_accuracy': 0.98}\n2025-07-05 20:46:38,753 - __main__ - INFO - Federated learning experiment completed successfully!\n2025-07-05 20:46:38,753 - __main__ - INFO - ============================================================\n2025-07-05 20:46:38,753 - __main__ - INFO - Demonstration completed successfully!\n2025-07-05 20:46:38,753 - __main__ - INFO - Results: {'status': 'success', 'final_metrics': {'test_loss': 0.05, 'test_accuracy': 0.98}}\n",
      "returncode": 0
    },
    "iot_general": {
      "status": "success",
      "dataset": "iot_general",
      "num_clients": 5,
      "num_rounds": 3,
      "execution_time": 0.05310988426208496,
      "stdout": "",
      "stderr": "2025-07-05 20:46:38,800 - __main__ - INFO - Starting TRUST-MCNet Refactored Architecture Demonstration\n2025-07-05 20:46:38,800 - __main__ - INFO - ============================================================\n2025-07-05 20:46:38,804 - __main__ - INFO - Loaded configuration from config/config.yaml\n2025-07-05 20:46:38,804 - __main__ - INFO - Configuration: {'defaults': [{'dataset': 'mnist'}, {'env': 'local'}, {'strategy': 'fedavg'}, {'trust': 'hybrid'}, {'model': 'mlp'}, {'training': 'default'}, {'ray': 'local'}, '_self_'], 'hydra': {'run': {'dir': 'outputs/${now:%Y-%m-%d}/${now:%H-%M-%S}'}, 'sweep': {'dir': 'multirun/${now:%Y-%m-%d}/${now:%H-%M-%S}', 'subdir': '${hydra:job.num}'}, 'job': {'chdir': False}}, 'federated': {'num_rounds': 3, 'fraction_fit': 0.8, 'fraction_evaluate': 0.2, 'min_fit_clients': 2, 'min_evaluate_clients': 2, 'min_available_clients': 2}, 'simulation': {'use_legacy': False, 'use_enhanced_client': True, 'enable_trust_evaluation': True, 'trust_threshold': 0.5, 'enable_metrics_aggregation': True}, 'logging': {'level': 'INFO', 'format': '%(asctime)s - %(name)s - %(levelname)s - %(message)s', 'log_to_file': False, 'log_file': None, 'metrics': {'enable_tensorboard': False, 'tensorboard_dir': 'logs/tensorboard', 'log_frequency': 1}}}\n2025-07-05 20:46:38,804 - __main__ - INFO - Initializing MockExperimentManager\n2025-07-05 20:46:38,804 - __main__ - INFO - Created MockDataLoader with config: {}\n2025-07-05 20:46:38,804 - __main__ - INFO - Created MockModel with config: {}\n2025-07-05 20:46:38,805 - __main__ - INFO - Created MockTrustEvaluator with config: {}\n2025-07-05 20:46:38,805 - __main__ - INFO - Created MockFederatedStrategy with config: {}\n2025-07-05 20:46:38,805 - __main__ - INFO - Created MockModel with config: {}\n2025-07-05 20:46:38,805 - __main__ - INFO - Created MockClient 0\n2025-07-05 20:46:38,805 - __main__ - INFO - Created MockModel with config: {}\n2025-07-05 20:46:38,805 - __main__ - INFO - Created MockClient 1\n2025-07-05 20:46:38,805 - __main__ - INFO - Created MockModel with config: {}\n2025-07-05 20:46:38,805 - __main__ - INFO - Created MockClient 2\n2025-07-05 20:46:38,805 - __main__ - INFO - Created MockModel with config: {}\n2025-07-05 20:46:38,805 - __main__ - INFO - Created MockClient 3\n2025-07-05 20:46:38,805 - __main__ - INFO - Created MockModel with config: {}\n2025-07-05 20:46:38,805 - __main__ - INFO - Created MockClient 4\n2025-07-05 20:46:38,805 - __main__ - INFO - Created 5 clients\n2025-07-05 20:46:38,805 - __main__ - INFO - Starting federated learning experiment\n2025-07-05 20:46:38,805 - __main__ - INFO - Loading mock training data...\n2025-07-05 20:46:38,805 - __main__ - INFO - Getting model parameters\n2025-07-05 20:46:38,805 - __main__ - INFO - \n=== Round 1/3 ===\n2025-07-05 20:46:38,805 - __main__ - INFO - Round 0: Selected clients [0, 1, 2]\n2025-07-05 20:46:38,805 - __main__ - INFO - Client 0: Starting local training\n2025-07-05 20:46:38,805 - __main__ - INFO - Setting model parameters\n2025-07-05 20:46:38,805 - __main__ - INFO - Getting data for client 0\n2025-07-05 20:46:38,805 - __main__ - INFO - Training model on data\n2025-07-05 20:46:38,805 - __main__ - INFO - Getting model parameters\n2025-07-05 20:46:38,805 - __main__ - INFO - Client 0: Local training complete\n2025-07-05 20:46:38,805 - __main__ - INFO - Client 1: Starting local training\n2025-07-05 20:46:38,805 - __main__ - INFO - Setting model parameters\n2025-07-05 20:46:38,805 - __main__ - INFO - Getting data for client 1\n2025-07-05 20:46:38,805 - __main__ - INFO - Training model on data\n2025-07-05 20:46:38,805 - __main__ - INFO - Getting model parameters\n2025-07-05 20:46:38,805 - __main__ - INFO - Client 1: Local training complete\n2025-07-05 20:46:38,805 - __main__ - INFO - Client 2: Starting local training\n2025-07-05 20:46:38,805 - __main__ - INFO - Setting model parameters\n2025-07-05 20:46:38,805 - __main__ - INFO - Getting data for client 2\n2025-07-05 20:46:38,805 - __main__ - INFO - Training model on data\n2025-07-05 20:46:38,805 - __main__ - INFO - Getting model parameters\n2025-07-05 20:46:38,806 - __main__ - INFO - Client 2: Local training complete\n2025-07-05 20:46:38,806 - __main__ - INFO - Client 0 trust score: 1.000\n2025-07-05 20:46:38,806 - __main__ - INFO - Client 0 passed trust filter\n2025-07-05 20:46:38,806 - __main__ - INFO - Client 1 trust score: 0.900\n2025-07-05 20:46:38,806 - __main__ - INFO - Client 1 passed trust filter\n2025-07-05 20:46:38,806 - __main__ - INFO - Client 2 trust score: 0.800\n2025-07-05 20:46:38,806 - __main__ - INFO - Client 2 passed trust filter\n2025-07-05 20:46:38,806 - __main__ - INFO - Trust filter: 3/3 clients passed\n2025-07-05 20:46:38,806 - __main__ - INFO - Aggregating updates from 3 clients\n2025-07-05 20:46:38,806 - __main__ - INFO - Global model updated with aggregated parameters\n2025-07-05 20:46:38,806 - __main__ - INFO - Evaluating model on data\n2025-07-05 20:46:38,806 - __main__ - INFO - Round 1 Global Model Performance: {'test_loss': 0.05, 'test_accuracy': 0.98}\n2025-07-05 20:46:38,806 - __main__ - INFO - \n=== Round 2/3 ===\n2025-07-05 20:46:38,806 - __main__ - INFO - Round 1: Selected clients [0, 1, 2]\n2025-07-05 20:46:38,806 - __main__ - INFO - Client 0: Starting local training\n2025-07-05 20:46:38,806 - __main__ - INFO - Setting model parameters\n2025-07-05 20:46:38,806 - __main__ - INFO - Getting data for client 0\n2025-07-05 20:46:38,806 - __main__ - INFO - Training model on data\n2025-07-05 20:46:38,806 - __main__ - INFO - Getting model parameters\n2025-07-05 20:46:38,806 - __main__ - INFO - Client 0: Local training complete\n2025-07-05 20:46:38,806 - __main__ - INFO - Client 1: Starting local training\n2025-07-05 20:46:38,806 - __main__ - INFO - Setting model parameters\n2025-07-05 20:46:38,806 - __main__ - INFO - Getting data for client 1\n2025-07-05 20:46:38,806 - __main__ - INFO - Training model on data\n2025-07-05 20:46:38,806 - __main__ - INFO - Getting model parameters\n2025-07-05 20:46:38,806 - __main__ - INFO - Client 1: Local training complete\n2025-07-05 20:46:38,806 - __main__ - INFO - Client 2: Starting local training\n2025-07-05 20:46:38,806 - __main__ - INFO - Setting model parameters\n2025-07-05 20:46:38,806 - __main__ - INFO - Getting data for client 2\n2025-07-05 20:46:38,806 - __main__ - INFO - Training model on data\n2025-07-05 20:46:38,806 - __main__ - INFO - Getting model parameters\n2025-07-05 20:46:38,806 - __main__ - INFO - Client 2: Local training complete\n2025-07-05 20:46:38,806 - __main__ - INFO - Client 0 trust score: 1.000\n2025-07-05 20:46:38,806 - __main__ - INFO - Client 0 passed trust filter\n2025-07-05 20:46:38,807 - __main__ - INFO - Client 1 trust score: 0.900\n2025-07-05 20:46:38,807 - __main__ - INFO - Client 1 passed trust filter\n2025-07-05 20:46:38,807 - __main__ - INFO - Client 2 trust score: 0.800\n2025-07-05 20:46:38,807 - __main__ - INFO - Client 2 passed trust filter\n2025-07-05 20:46:38,807 - __main__ - INFO - Trust filter: 3/3 clients passed\n2025-07-05 20:46:38,807 - __main__ - INFO - Aggregating updates from 3 clients\n2025-07-05 20:46:38,807 - __main__ - INFO - Global model updated with aggregated parameters\n2025-07-05 20:46:38,807 - __main__ - INFO - Evaluating model on data\n2025-07-05 20:46:38,807 - __main__ - INFO - Round 2 Global Model Performance: {'test_loss': 0.05, 'test_accuracy': 0.98}\n2025-07-05 20:46:38,807 - __main__ - INFO - \n=== Round 3/3 ===\n2025-07-05 20:46:38,807 - __main__ - INFO - Round 2: Selected clients [0, 1, 2]\n2025-07-05 20:46:38,807 - __main__ - INFO - Client 0: Starting local training\n2025-07-05 20:46:38,807 - __main__ - INFO - Setting model parameters\n2025-07-05 20:46:38,807 - __main__ - INFO - Getting data for client 0\n2025-07-05 20:46:38,807 - __main__ - INFO - Training model on data\n2025-07-05 20:46:38,807 - __main__ - INFO - Getting model parameters\n2025-07-05 20:46:38,807 - __main__ - INFO - Client 0: Local training complete\n2025-07-05 20:46:38,807 - __main__ - INFO - Client 1: Starting local training\n2025-07-05 20:46:38,807 - __main__ - INFO - Setting model parameters\n2025-07-05 20:46:38,807 - __main__ - INFO - Getting data for client 1\n2025-07-05 20:46:38,807 - __main__ - INFO - Training model on data\n2025-07-05 20:46:38,807 - __main__ - INFO - Getting model parameters\n2025-07-05 20:46:38,807 - __main__ - INFO - Client 1: Local training complete\n2025-07-05 20:46:38,807 - __main__ - INFO - Client 2: Starting local training\n2025-07-05 20:46:38,807 - __main__ - INFO - Setting model parameters\n2025-07-05 20:46:38,807 - __main__ - INFO - Getting data for client 2\n2025-07-05 20:46:38,807 - __main__ - INFO - Training model on data\n2025-07-05 20:46:38,807 - __main__ - INFO - Getting model parameters\n2025-07-05 20:46:38,807 - __main__ - INFO - Client 2: Local training complete\n2025-07-05 20:46:38,807 - __main__ - INFO - Client 0 trust score: 1.000\n2025-07-05 20:46:38,807 - __main__ - INFO - Client 0 passed trust filter\n2025-07-05 20:46:38,807 - __main__ - INFO - Client 1 trust score: 0.900\n2025-07-05 20:46:38,807 - __main__ - INFO - Client 1 passed trust filter\n2025-07-05 20:46:38,807 - __main__ - INFO - Client 2 trust score: 0.800\n2025-07-05 20:46:38,807 - __main__ - INFO - Client 2 passed trust filter\n2025-07-05 20:46:38,807 - __main__ - INFO - Trust filter: 3/3 clients passed\n2025-07-05 20:46:38,807 - __main__ - INFO - Aggregating updates from 3 clients\n2025-07-05 20:46:38,807 - __main__ - INFO - Global model updated with aggregated parameters\n2025-07-05 20:46:38,807 - __main__ - INFO - Evaluating model on data\n2025-07-05 20:46:38,807 - __main__ - INFO - Round 3 Global Model Performance: {'test_loss': 0.05, 'test_accuracy': 0.98}\n2025-07-05 20:46:38,807 - __main__ - INFO - Federated learning experiment completed successfully!\n2025-07-05 20:46:38,807 - __main__ - INFO - ============================================================\n2025-07-05 20:46:38,807 - __main__ - INFO - Demonstration completed successfully!\n2025-07-05 20:46:38,807 - __main__ - INFO - Results: {'status': 'success', 'final_metrics': {'test_loss': 0.05, 'test_accuracy': 0.98}}\n",
      "returncode": 0
    },
    "custom_csv": {
      "status": "success",
      "dataset": "custom_csv",
      "num_clients": 5,
      "num_rounds": 3,
      "execution_time": 0.05347299575805664,
      "stdout": "",
      "stderr": "2025-07-05 20:46:38,858 - __main__ - INFO - Starting TRUST-MCNet Refactored Architecture Demonstration\n2025-07-05 20:46:38,858 - __main__ - INFO - ============================================================\n2025-07-05 20:46:38,860 - __main__ - INFO - Loaded configuration from config/config.yaml\n2025-07-05 20:46:38,860 - __main__ - INFO - Configuration: {'defaults': [{'dataset': 'mnist'}, {'env': 'local'}, {'strategy': 'fedavg'}, {'trust': 'hybrid'}, {'model': 'mlp'}, {'training': 'default'}, {'ray': 'local'}, '_self_'], 'hydra': {'run': {'dir': 'outputs/${now:%Y-%m-%d}/${now:%H-%M-%S}'}, 'sweep': {'dir': 'multirun/${now:%Y-%m-%d}/${now:%H-%M-%S}', 'subdir': '${hydra:job.num}'}, 'job': {'chdir': False}}, 'federated': {'num_rounds': 3, 'fraction_fit': 0.8, 'fraction_evaluate': 0.2, 'min_fit_clients': 2, 'min_evaluate_clients': 2, 'min_available_clients': 2}, 'simulation': {'use_legacy': False, 'use_enhanced_client': True, 'enable_trust_evaluation': True, 'trust_threshold': 0.5, 'enable_metrics_aggregation': True}, 'logging': {'level': 'INFO', 'format': '%(asctime)s - %(name)s - %(levelname)s - %(message)s', 'log_to_file': False, 'log_file': None, 'metrics': {'enable_tensorboard': False, 'tensorboard_dir': 'logs/tensorboard', 'log_frequency': 1}}}\n2025-07-05 20:46:38,860 - __main__ - INFO - Initializing MockExperimentManager\n2025-07-05 20:46:38,860 - __main__ - INFO - Created MockDataLoader with config: {}\n2025-07-05 20:46:38,860 - __main__ - INFO - Created MockModel with config: {}\n2025-07-05 20:46:38,860 - __main__ - INFO - Created MockTrustEvaluator with config: {}\n2025-07-05 20:46:38,860 - __main__ - INFO - Created MockFederatedStrategy with config: {}\n2025-07-05 20:46:38,860 - __main__ - INFO - Created MockModel with config: {}\n2025-07-05 20:46:38,860 - __main__ - INFO - Created MockClient 0\n2025-07-05 20:46:38,860 - __main__ - INFO - Created MockModel with config: {}\n2025-07-05 20:46:38,860 - __main__ - INFO - Created MockClient 1\n2025-07-05 20:46:38,860 - __main__ - INFO - Created MockModel with config: {}\n2025-07-05 20:46:38,860 - __main__ - INFO - Created MockClient 2\n2025-07-05 20:46:38,860 - __main__ - INFO - Created MockModel with config: {}\n2025-07-05 20:46:38,860 - __main__ - INFO - Created MockClient 3\n2025-07-05 20:46:38,860 - __main__ - INFO - Created MockModel with config: {}\n2025-07-05 20:46:38,860 - __main__ - INFO - Created MockClient 4\n2025-07-05 20:46:38,860 - __main__ - INFO - Created 5 clients\n2025-07-05 20:46:38,860 - __main__ - INFO - Starting federated learning experiment\n2025-07-05 20:46:38,860 - __main__ - INFO - Loading mock training data...\n2025-07-05 20:46:38,860 - __main__ - INFO - Getting model parameters\n2025-07-05 20:46:38,860 - __main__ - INFO - \n=== Round 1/3 ===\n2025-07-05 20:46:38,860 - __main__ - INFO - Round 0: Selected clients [0, 1, 2]\n2025-07-05 20:46:38,860 - __main__ - INFO - Client 0: Starting local training\n2025-07-05 20:46:38,860 - __main__ - INFO - Setting model parameters\n2025-07-05 20:46:38,860 - __main__ - INFO - Getting data for client 0\n2025-07-05 20:46:38,860 - __main__ - INFO - Training model on data\n2025-07-05 20:46:38,860 - __main__ - INFO - Getting model parameters\n2025-07-05 20:46:38,860 - __main__ - INFO - Client 0: Local training complete\n2025-07-05 20:46:38,860 - __main__ - INFO - Client 1: Starting local training\n2025-07-05 20:46:38,860 - __main__ - INFO - Setting model parameters\n2025-07-05 20:46:38,860 - __main__ - INFO - Getting data for client 1\n2025-07-05 20:46:38,860 - __main__ - INFO - Training model on data\n2025-07-05 20:46:38,860 - __main__ - INFO - Getting model parameters\n2025-07-05 20:46:38,860 - __main__ - INFO - Client 1: Local training complete\n2025-07-05 20:46:38,860 - __main__ - INFO - Client 2: Starting local training\n2025-07-05 20:46:38,860 - __main__ - INFO - Setting model parameters\n2025-07-05 20:46:38,860 - __main__ - INFO - Getting data for client 2\n2025-07-05 20:46:38,860 - __main__ - INFO - Training model on data\n2025-07-05 20:46:38,860 - __main__ - INFO - Getting model parameters\n2025-07-05 20:46:38,860 - __main__ - INFO - Client 2: Local training complete\n2025-07-05 20:46:38,860 - __main__ - INFO - Client 0 trust score: 1.000\n2025-07-05 20:46:38,860 - __main__ - INFO - Client 0 passed trust filter\n2025-07-05 20:46:38,860 - __main__ - INFO - Client 1 trust score: 0.900\n2025-07-05 20:46:38,860 - __main__ - INFO - Client 1 passed trust filter\n2025-07-05 20:46:38,860 - __main__ - INFO - Client 2 trust score: 0.800\n2025-07-05 20:46:38,860 - __main__ - INFO - Client 2 passed trust filter\n2025-07-05 20:46:38,860 - __main__ - INFO - Trust filter: 3/3 clients passed\n2025-07-05 20:46:38,860 - __main__ - INFO - Aggregating updates from 3 clients\n2025-07-05 20:46:38,860 - __main__ - INFO - Global model updated with aggregated parameters\n2025-07-05 20:46:38,860 - __main__ - INFO - Evaluating model on data\n2025-07-05 20:46:38,860 - __main__ - INFO - Round 1 Global Model Performance: {'test_loss': 0.05, 'test_accuracy': 0.98}\n2025-07-05 20:46:38,860 - __main__ - INFO - \n=== Round 2/3 ===\n2025-07-05 20:46:38,860 - __main__ - INFO - Round 1: Selected clients [0, 1, 2]\n2025-07-05 20:46:38,860 - __main__ - INFO - Client 0: Starting local training\n2025-07-05 20:46:38,860 - __main__ - INFO - Setting model parameters\n2025-07-05 20:46:38,860 - __main__ - INFO - Getting data for client 0\n2025-07-05 20:46:38,861 - __main__ - INFO - Training model on data\n2025-07-05 20:46:38,861 - __main__ - INFO - Getting model parameters\n2025-07-05 20:46:38,861 - __main__ - INFO - Client 0: Local training complete\n2025-07-05 20:46:38,861 - __main__ - INFO - Client 1: Starting local training\n2025-07-05 20:46:38,861 - __main__ - INFO - Setting model parameters\n2025-07-05 20:46:38,861 - __main__ - INFO - Getting data for client 1\n2025-07-05 20:46:38,861 - __main__ - INFO - Training model on data\n2025-07-05 20:46:38,861 - __main__ - INFO - Getting model parameters\n2025-07-05 20:46:38,861 - __main__ - INFO - Client 1: Local training complete\n2025-07-05 20:46:38,861 - __main__ - INFO - Client 2: Starting local training\n2025-07-05 20:46:38,861 - __main__ - INFO - Setting model parameters\n2025-07-05 20:46:38,861 - __main__ - INFO - Getting data for client 2\n2025-07-05 20:46:38,861 - __main__ - INFO - Training model on data\n2025-07-05 20:46:38,861 - __main__ - INFO - Getting model parameters\n2025-07-05 20:46:38,861 - __main__ - INFO - Client 2: Local training complete\n2025-07-05 20:46:38,861 - __main__ - INFO - Client 0 trust score: 1.000\n2025-07-05 20:46:38,861 - __main__ - INFO - Client 0 passed trust filter\n2025-07-05 20:46:38,861 - __main__ - INFO - Client 1 trust score: 0.900\n2025-07-05 20:46:38,861 - __main__ - INFO - Client 1 passed trust filter\n2025-07-05 20:46:38,861 - __main__ - INFO - Client 2 trust score: 0.800\n2025-07-05 20:46:38,861 - __main__ - INFO - Client 2 passed trust filter\n2025-07-05 20:46:38,861 - __main__ - INFO - Trust filter: 3/3 clients passed\n2025-07-05 20:46:38,861 - __main__ - INFO - Aggregating updates from 3 clients\n2025-07-05 20:46:38,861 - __main__ - INFO - Global model updated with aggregated parameters\n2025-07-05 20:46:38,861 - __main__ - INFO - Evaluating model on data\n2025-07-05 20:46:38,861 - __main__ - INFO - Round 2 Global Model Performance: {'test_loss': 0.05, 'test_accuracy': 0.98}\n2025-07-05 20:46:38,861 - __main__ - INFO - \n=== Round 3/3 ===\n2025-07-05 20:46:38,861 - __main__ - INFO - Round 2: Selected clients [0, 1, 2]\n2025-07-05 20:46:38,861 - __main__ - INFO - Client 0: Starting local training\n2025-07-05 20:46:38,861 - __main__ - INFO - Setting model parameters\n2025-07-05 20:46:38,861 - __main__ - INFO - Getting data for client 0\n2025-07-05 20:46:38,861 - __main__ - INFO - Training model on data\n2025-07-05 20:46:38,861 - __main__ - INFO - Getting model parameters\n2025-07-05 20:46:38,861 - __main__ - INFO - Client 0: Local training complete\n2025-07-05 20:46:38,861 - __main__ - INFO - Client 1: Starting local training\n2025-07-05 20:46:38,861 - __main__ - INFO - Setting model parameters\n2025-07-05 20:46:38,861 - __main__ - INFO - Getting data for client 1\n2025-07-05 20:46:38,861 - __main__ - INFO - Training model on data\n2025-07-05 20:46:38,861 - __main__ - INFO - Getting model parameters\n2025-07-05 20:46:38,861 - __main__ - INFO - Client 1: Local training complete\n2025-07-05 20:46:38,861 - __main__ - INFO - Client 2: Starting local training\n2025-07-05 20:46:38,861 - __main__ - INFO - Setting model parameters\n2025-07-05 20:46:38,861 - __main__ - INFO - Getting data for client 2\n2025-07-05 20:46:38,861 - __main__ - INFO - Training model on data\n2025-07-05 20:46:38,861 - __main__ - INFO - Getting model parameters\n2025-07-05 20:46:38,861 - __main__ - INFO - Client 2: Local training complete\n2025-07-05 20:46:38,861 - __main__ - INFO - Client 0 trust score: 1.000\n2025-07-05 20:46:38,861 - __main__ - INFO - Client 0 passed trust filter\n2025-07-05 20:46:38,861 - __main__ - INFO - Client 1 trust score: 0.900\n2025-07-05 20:46:38,861 - __main__ - INFO - Client 1 passed trust filter\n2025-07-05 20:46:38,861 - __main__ - INFO - Client 2 trust score: 0.800\n2025-07-05 20:46:38,861 - __main__ - INFO - Client 2 passed trust filter\n2025-07-05 20:46:38,861 - __main__ - INFO - Trust filter: 3/3 clients passed\n2025-07-05 20:46:38,861 - __main__ - INFO - Aggregating updates from 3 clients\n2025-07-05 20:46:38,861 - __main__ - INFO - Global model updated with aggregated parameters\n2025-07-05 20:46:38,861 - __main__ - INFO - Evaluating model on data\n2025-07-05 20:46:38,861 - __main__ - INFO - Round 3 Global Model Performance: {'test_loss': 0.05, 'test_accuracy': 0.98}\n2025-07-05 20:46:38,861 - __main__ - INFO - Federated learning experiment completed successfully!\n2025-07-05 20:46:38,861 - __main__ - INFO - ============================================================\n2025-07-05 20:46:38,861 - __main__ - INFO - Demonstration completed successfully!\n2025-07-05 20:46:38,861 - __main__ - INFO - Results: {'status': 'success', 'final_metrics': {'test_loss': 0.05, 'test_accuracy': 0.98}}\n",
      "returncode": 0
    }
  }
}