{
  "experiment_name": "federated_experiment_1751801757",
  "export_timestamp": 1751801773.414319,
  "total_rounds": 1,
  "round_metrics": [
    {
      "error": "Simulation crashed.",
      "simulation_failed": true,
      "round": 1,
      "timestamp": 1751801773.414261,
      "type": "server"
    }
  ],
  "client_metrics": {
    "12800820495561850415": [
      {
        "error": "Parameter shape mismatch: expected torch.Size([256, 784]), got (256, 19)",
        "client_id": "12800820495561850415",
        "round": 1,
        "timestamp": 1751801771.787789,
        "type": "client"
      }
    ],
    "18100452564598597336": [
      {
        "error": "Parameter shape mismatch: expected torch.Size([256, 784]), got (256, 19)",
        "client_id": "18100452564598597336",
        "round": 1,
        "timestamp": 1751801771.787967,
        "type": "client"
      }
    ],
    "15725870669084342038": [
      {
        "error": "Parameter shape mismatch: expected torch.Size([256, 784]), got (256, 19)",
        "client_id": "15725870669084342038",
        "round": 1,
        "timestamp": 1751801771.787977,
        "type": "client"
      }
    ],
    "10640260679316431766": [
      {
        "error": "Parameter shape mismatch: expected torch.Size([256, 784]), got (256, 19)",
        "client_id": "10640260679316431766",
        "round": 1,
        "timestamp": 1751801771.787982,
        "type": "client"
      }
    ]
  }
}