{
  "experiment_name": "federated_experiment_1751566381",
  "export_timestamp": 1751566410.9149508,
  "total_rounds": 1,
  "round_metrics": [
    {
      "error": "Simulation crashed.",
      "simulation_failed": true,
      "round": 1,
      "timestamp": 1751566410.914861,
      "type": "server"
    }
  ],
  "client_metrics": {
    "13561455900708434223": [
      {
        "error": "Parameter count mismatch: expected 8, got 6",
        "client_id": "13561455900708434223",
        "round": 1,
        "timestamp": 1751566409.213135,
        "type": "client"
      }
    ],
    "6353619821834551672": [
      {
        "error": "Parameter count mismatch: expected 8, got 6",
        "client_id": "6353619821834551672",
        "round": 1,
        "timestamp": 1751566409.213252,
        "type": "client"
      }
    ]
  }
}